{
  "calibration_date": "2026-02-19T00:06:16.587842",
  "checkerboard": {
    "rows": 7,
    "cols": 9,
    "square_size_m": 0.02,
    "origin_robot_frame": [
      0.5102,
      -0.0442,
      0.0046
    ],
    "row_end_robot_frame": [
      0.5051,
      -0.2017,
      0.0052
    ]
  },
  "head_camera": {
    "serial": "845112071112",
    "rotation_cam_to_robot": [
      [
        -0.033580184352110964,
        0.9982936414788997,
        0.047772132061236164
      ],
      [
        0.9977001250931421,
        0.0306675538041693,
        0.06044800685545271
      ],
      [
        0.058879806453543515,
        0.049692117347385184,
        -0.9970275130935591
      ]
    ],
    "translation_cam_to_robot": [
      0.30880427189167486,
      -0.06404131765409221,
      1.0531238315191027
    ],
    "camera_position_robot_frame": [
      0.30880427189167486,
      -0.06404131765409221,
      1.0531238315191027
    ],
    "camera_quaternion_wxyz": [
      -0.003868344558715434,
      0.69512225092736,
      0.7178570977656067,
      0.0383572595944439
    ],
    "intrinsics": {
      "fx": 460.3456115722656,
      "fy": 460.51678466796875,
      "cx": 311.8387145996094,
      "cy": 181.99493408203125
    },
    "reprojection_error_px": 0.12293372382809645
  },
  "front_camera": {
    "serial": "244222071219",
    "rotation_cam_to_robot": [
      [
        0.009336229582864619,
        0.7331042964757891,
        -0.6800521489605884
      ],
      [
        0.9996856274265423,
        0.008983146276383525,
        0.023408319029301572
      ],
      [
        0.02326974718333885,
        -0.6800569046570406,
        -0.7327899598754803
      ]
    ],
    "translation_cam_to_robot": [
      1.0599264099431998,
      -0.0711701629062854,
      0.6847577822567331
    ],
    "camera_position_robot_frame": [
      1.0599264099431998,
      -0.0711701629062854,
      0.6847577822567331
    ],
    "camera_quaternion_wxyz": [
      -0.2671747630221498,
      0.6582444536762085,
      0.6581103396408917,
      -0.2494447154507745
    ],
    "intrinsics": {
      "fx": 454.5846252441406,
      "fy": 454.7303466796875,
      "cx": 327.6274108886719,
      "cy": 183.20155334472656
    },
    "reprojection_error_px": 0.1272154612798552
  },
  "wrist_camera": {
    "serial": "317222072257",
    "intrinsics": {
      "fx": 455.0895690917969,
      "fy": 455.1204528808594,
      "cx": 317.4112243652344,
      "cy": 191.64857482910156
    },
    "flange_to_camera_offset_mm": [
      0,
      0,
      0,
      0,
      0,
      0
    ],
    "note": "Update flange_to_camera_offset_mm with measured mount dimensions"
  }
}