{
  "calibration_date": "2026-02-18T19:13:52.738711",
  "checkerboard": {
    "rows": 7,
    "cols": 9,
    "square_size_m": 0.02,
    "origin_robot_frame": [
      0.6628,
      0.0083,
      0.0772
    ],
    "row_end_robot_frame": [
      0.6622,
      -0.1508,
      0.0781
    ]
  },
  "head_camera": {
    "serial": "845112071112",
    "rotation_cam_to_robot": [
      [
        -0.029586476430256026,
        0.9988741166927129,
        0.03708287224306359
      ],
      [
        0.9984462971044039,
        0.027780551186069813,
        0.048303548257899266
      ],
      [
        0.04721898146875803,
        0.038454388269112606,
        -0.9981440917081568
      ]
    ],
    "translation_cam_to_robot": [
      0.4379136347015944,
      -0.041768906527950136,
      1.1272362449176034
    ],
    "camera_position_robot_frame": [
      0.4379136347015944,
      -0.041768906527950136,
      1.1272362449176034
    ],
    "camera_quaternion_wxyz": [
      -0.0035349344992615995,
      0.696558874771514,
      0.7168526904679374,
      0.030256542829733665
    ],
    "intrinsics": {
      "fx": 460.3456115722656,
      "fy": 460.51678466796875,
      "cx": 311.8387145996094,
      "cy": 181.99493408203125
    },
    "reprojection_error_px": 0.12052786950678199
  },
  "front_camera": {
    "serial": "244222071219",
    "rotation_cam_to_robot": [
      [
        0.0130648528912376,
        0.7335067418808621,
        -0.6795565975209512
      ],
      [
        0.9996626381386855,
        0.005675833923333262,
        0.025345508850245335
      ],
      [
        0.02244815200709055,
        -0.6796584763869252,
        -0.7331851307458913
      ]
    ],
    "translation_cam_to_robot": [
      1.1767086171521077,
      -0.0638704772599046,
      0.7579156403692962
    ],
    "camera_position_robot_frame": [
      1.1767086171521077,
      -0.0638704772599046,
      0.7579156403692962
    ],
    "camera_quaternion_wxyz": [
      -0.26718699260474865,
      0.6596541043823263,
      0.6568477966351846,
      -0.24903522965613584
    ],
    "intrinsics": {
      "fx": 454.5846252441406,
      "fy": 454.7303466796875,
      "cx": 327.6274108886719,
      "cy": 183.20155334472656
    },
    "reprojection_error_px": 0.13305024842789617
  },
  "wrist_camera": {
    "serial": "317222072257",
    "intrinsics": {
      "fx": 455.0895690917969,
      "fy": 455.1204528808594,
      "cx": 317.4112243652344,
      "cy": 191.64857482910156
    },
    "flange_to_camera_offset_mm": [
      0,
      0,
      0,
      0,
      0,
      0
    ],
    "note": "Update flange_to_camera_offset_mm with measured mount dimensions"
  }
}