{
  "calibration_date": "2026-02-18T17:00:38.097055",
  "checkerboard": {
    "rows": 7,
    "cols": 9,
    "square_size_m": 0.02,
    "origin_robot_frame": [
      0.4737,
      -0.0147,
      0.0761
    ],
    "row_end_robot_frame": [
      0.4665,
      -0.1668,
      0.0761
    ]
  },
  "head_camera": {
    "serial": "845112071112",
    "rotation_cam_to_robot": [
      [
        0.10544863979942161,
        -0.9919135544682391,
        -0.070626374865455
      ],
      [
        0.9933996729727679,
        0.10184996260820281,
        0.052760542589189954
      ],
      [
        -0.04514060369611681,
        -0.07572374514570464,
        0.9961065406466614
      ]
    ],
    "translation_cam_to_robot": [
      0.6622136426259659,
      -0.06156402097834503,
      -0.9697217406998342
    ],
    "camera_position_robot_frame": [
      0.6622136426259659,
      -0.06156402097834503,
      -0.9697217406998342
    ],
    "camera_quaternion_wxyz": [
      0.7421935635422685,
      -0.04327856439554575,
      -0.008584610680164823,
      0.6687316237174367
    ],
    "intrinsics": {
      "fx": 460.3456115722656,
      "fy": 460.51678466796875,
      "cx": 311.8387145996094,
      "cy": 181.99493408203125
    },
    "reprojection_error_px": 0.12306573421877405
  },
  "front_camera": {
    "serial": "244222071219",
    "rotation_cam_to_robot": [
      [
        0.061998505189624256,
        -0.7288373546431294,
        0.6818741055583921
      ],
      [
        0.9976993892592855,
        0.06402917649235425,
        -0.022275395156079292
      ],
      [
        -0.027424697371177476,
        0.6816864198695145,
        0.7311302968278519
      ]
    ],
    "translation_cam_to_robot": [
      -0.11932419747892595,
      -0.029881683625846575,
      -0.6045928391299111
    ],
    "camera_position_robot_frame": [
      -0.11932419747892595,
      -0.029881683625846575,
      -0.6045928391299111
    ],
    "camera_quaternion_wxyz": [
      0.6813879178760492,
      0.2582823222122537,
      0.26024045346317604,
      0.6334632221261692
    ],
    "intrinsics": {
      "fx": 454.5846252441406,
      "fy": 454.7303466796875,
      "cx": 327.6274108886719,
      "cy": 183.20155334472656
    },
    "reprojection_error_px": 0.14133234100326447
  },
  "wrist_camera": {
    "serial": "317222072257",
    "intrinsics": {
      "fx": 455.0895690917969,
      "fy": 455.1204528808594,
      "cx": 317.4112243652344,
      "cy": 191.64857482910156
    },
    "flange_to_camera_offset_mm": [
      0,
      0,
      0,
      0,
      0,
      0
    ],
    "note": "Update flange_to_camera_offset_mm with measured mount dimensions"
  }
}