{
  "calibration_date": "2026-02-18T23:19:49.281128",
  "checkerboard": {
    "rows": 7,
    "cols": 9,
    "square_size_m": 0.02,
    "origin_robot_frame": [
      0.5051,
      -0.2017,
      0.0052
    ],
    "row_end_robot_frame": [
      0.5102,
      -0.0442,
      0.0046
    ]
  },
  "head_camera": {
    "serial": "845112071112",
    "rotation_cam_to_robot": [
      [
        -0.03348272628117066,
        0.9982966495665903,
        0.047777677893561465
      ],
      [
        0.997701468789188,
        0.030568429623755278,
        0.06047603067525733
      ],
      [
        0.05891253021791995,
        0.04969276179141432,
        -0.9970255479218496
      ]
    ],
    "translation_cam_to_robot": [
      0.18896206200426904,
      -0.057771151836286415,
      1.0531964414726995
    ],
    "camera_position_robot_frame": [
      0.18896206200426904,
      -0.057771151836286415,
      1.0531964414726995
    ],
    "camera_quaternion_wxyz": [
      -0.0038779962846404448,
      0.6951572469623193,
      0.7178225239964916,
      0.0383690915176723
    ],
    "intrinsics": {
      "fx": 460.3456115722656,
      "fy": 460.51678466796875,
      "cx": 311.8387145996094,
      "cy": 181.99493408203125
    },
    "reprojection_error_px": 0.1213723491245073
  },
  "front_camera": {
    "serial": "244222071219",
    "rotation_cam_to_robot": [
      [
        0.009383941312800514,
        0.7329609844401059,
        -0.68020595185137
      ],
      [
        0.999686106652145,
        0.008926021179050947,
        0.023409705521153235
      ],
      [
        0.023229933536579317,
        -0.680212115030673,
        -0.7326471516039522
      ]
    ],
    "translation_cam_to_robot": [
      0.9403547970691111,
      -0.06487179138469945,
      0.6847138741306295
    ],
    "camera_position_robot_frame": [
      0.9403547970691111,
      -0.06487179138469945,
      0.6847138741306295
    ],
    "camera_quaternion_wxyz": [
      -0.2672371656824232,
      0.6582372428953147,
      0.6580633008058956,
      -0.24952098403951736
    ],
    "intrinsics": {
      "fx": 454.5846252441406,
      "fy": 454.7303466796875,
      "cx": 327.6274108886719,
      "cy": 183.20155334472656
    },
    "reprojection_error_px": 0.1303921407158951
  },
  "wrist_camera": {
    "serial": "317222072257",
    "intrinsics": {
      "fx": 455.0895690917969,
      "fy": 455.1204528808594,
      "cx": 317.4112243652344,
      "cy": 191.64857482910156
    },
    "flange_to_camera_offset_mm": [
      0,
      0,
      0,
      0,
      0,
      0
    ],
    "note": "Update flange_to_camera_offset_mm with measured mount dimensions"
  }
}